product_category_name_english,monthly_all_sellers
audio,0.6548445831446732
electronics,2.030107132867003
computers_accessories,11.687522035404632
pc_gamer,0.01689111505610107
computers,2.8815913393578354
tablets_printing_image,0.09729770656702785
telephony,4.165979184700714
