total,product_category_name_english
904322.0174894333,computers_accessories
322342.6394162178,telephony
222963.1298828125,computers
157079.53940558434,electronics
50668.59962081909,audio
7528.410045623779,tablets_printing_image
1306.9500274658203,pc_gamer
